"from","to"
"D:\군산대\사진원본\EV1\1_1층-EV1-엘리베이터 안.jpg","D:\군산대\사진원본\EVIN1\1층-EVIN1-엘리베이터안-대표01.jpg"
"D:\군산대\사진원본\EV1\1층-EV1-엘리베이터 앞.jpg","D:\군산대\사진원본\LNG1\1층-LNG1-로비-대표02.jpg"
"D:\군산대\사진원본\EV1\1층-EV1-엘리베이터앞_로비-e035.jpg","D:\군산대\사진원본\LNG1\1층-LNG1-로비-e035.jpg"
"D:\군산대\사진원본\EV1\1층-EV1-엘리베이터앞_로비-e037.jpg","D:\군산대\사진원본\LNG1\1층-LNG1-로비-e037.jpg"
"D:\군산대\사진원본\EV1\1층-EV1-엘리베이터앞_로비-e038.jpg","D:\군산대\사진원본\LNG1\1층-LNG1-로비-e038.jpg"
"D:\군산대\사진원본\EV1\1층-EV1-엘리베이터앞_로비-e045.jpg","D:\군산대\사진원본\LNG1\1층-LNG1-로비-e045.jpg"
"D:\군산대\사진원본\EV1\1층-EV1-엘리베이터앞_로비-e053.jpg","D:\군산대\사진원본\LNG1\1층-LNG1-로비-e053.jpg"
"D:\군산대\사진원본\EV1\1층-EV1-엘리베이터앞_로비-e103.jpg","D:\군산대\사진원본\LNG1\1층-LNG1-로비-e103.jpg"
"D:\군산대\사진원본\EV1\1층-EV1-엘리베이터앞_로비-e105.jpg","D:\군산대\사진원본\LNG1\1층-LNG1-로비-e105.jpg"
"D:\군산대\사진원본\EV1\1층-EV1-엘리베이터앞_로비-e111.jpg","D:\군산대\사진원본\LNG1\1층-LNG1-로비-e111.jpg"
"D:\군산대\사진원본\EV1\1층-EV1-엘리베이터앞_로비-e159.jpg","D:\군산대\사진원본\LNG1\1층-LNG1-로비-e159.jpg"
"D:\군산대\사진원본\EV1\1층-EV1-엘리베이터앞_로비-e160.jpg","D:\군산대\사진원본\LNG1\1층-LNG1-로비-e160.jpg"
"D:\군산대\사진원본\EV1\1층-EV1-엘리베이터앞_로비-e161.jpg","D:\군산대\사진원본\LNG1\1층-LNG1-로비-e161.jpg"
"D:\군산대\사진원본\EV1\1층-EV1-엘리베이터앞_로비-e162.jpg","D:\군산대\사진원본\LNG1\1층-LNG1-로비-e162.jpg"
"D:\군산대\사진원본\EV1\1층-EV1-엘리베이터앞_로비-e163.jpg","D:\군산대\사진원본\LNG1\1층-LNG1-로비-e163.jpg"
"D:\군산대\사진원본\EV1\1층-EV1-엘리베이터앞_로비-e164.jpg","D:\군산대\사진원본\LNG1\1층-LNG1-로비-e164.jpg"
"D:\군산대\사진원본\EV1\1층-EV1-엘리베이터앞_로비-e165.jpg","D:\군산대\사진원본\LNG1\1층-LNG1-로비-e165.jpg"
"D:\군산대\사진원본\EV1\1층-EV1-엘리베이터앞_로비-e169.jpg","D:\군산대\사진원본\LNG1\1층-LNG1-로비-e169.jpg"
"D:\군산대\사진원본\EV1\1층-EV1-엘리베이터앞_로비-e170.jpg","D:\군산대\사진원본\LNG1\1층-LNG1-로비-e170.jpg"
"D:\군산대\사진원본\EV1\1층-EV1-엘리베이터앞_로비-e171.jpg","D:\군산대\사진원본\LNG1\1층-LNG1-로비-e171.jpg"
"D:\군산대\사진원본\EV1\1층-EV1-엘리베이터앞_로비-e172.jpg","D:\군산대\사진원본\LNG1\1층-LNG1-로비-e172.jpg"
"D:\군산대\사진원본\EV1\1층-EV1-엘리베이터앞_로비-e173.jpg","D:\군산대\사진원본\LNG1\1층-LNG1-로비-e173.jpg"
"D:\군산대\사진원본\EV1\1층-EV1-엘리베이터앞_로비-e174.jpg","D:\군산대\사진원본\LNG1\1층-LNG1-로비-e174.jpg"
"D:\군산대\사진원본\EV1\1층-EV1-엘리베이터앞_로비-e175.jpg","D:\군산대\사진원본\LNG1\1층-LNG1-로비-e175.jpg"
"D:\군산대\사진원본\EV1\1층-EV1-엘리베이터앞_로비-e176.jpg","D:\군산대\사진원본\LNG1\1층-LNG1-로비-e176.jpg"
"D:\군산대\사진원본\EV1\1층-EV1-엘리베이터앞_로비-e178.jpg","D:\군산대\사진원본\LNG1\1층-LNG1-로비-e178.jpg"
"D:\군산대\사진원본\EV1\1층-EV1-엘리베이터앞_로비-e179.jpg","D:\군산대\사진원본\LNG1\1층-LNG1-로비-e179.jpg"
"D:\군산대\사진원본\EV1\1층-EV1-엘리베이터앞_로비-e180.jpg","D:\군산대\사진원본\LNG1\1층-LNG1-로비-e180.jpg"
"D:\군산대\사진원본\EV1\1층-EV1-엘리베이터앞_로비-e181.jpg","D:\군산대\사진원본\LNG1\1층-LNG1-로비-e181.jpg"
"D:\군산대\사진원본\EV1\1층-EV1-엘리베이터앞_로비-e182.jpg","D:\군산대\사진원본\LNG1\1층-LNG1-로비-e182.jpg"
"D:\군산대\사진원본\EV1\1층-EV1-엘리베이터앞_로비-e183.jpg","D:\군산대\사진원본\LNG1\1층-LNG1-로비-e183.jpg"
"D:\군산대\사진원본\EV1\1층-EV1-엘리베이터앞_로비-e184.jpg","D:\군산대\사진원본\LNG1\1층-LNG1-로비-e184.jpg"
"D:\군산대\사진원본\EV1\1층-EV1-엘리베이터앞_로비-e223.jpg","D:\군산대\사진원본\LNG1\1층-LNG1-로비-e223.jpg"
"D:\군산대\사진원본\EV1\1층-EV1-엘리베이터앞_로비-e224.jpg","D:\군산대\사진원본\LNG1\1층-LNG1-로비-e224.jpg"
"D:\군산대\사진원본\EV1\1층-EV1-엘리베이터앞_로비-e288.jpg","D:\군산대\사진원본\LNG1\1층-LNG1-로비-e288.jpg"
"D:\군산대\사진원본\EV1\1층-EV1-엘리베이터앞_로비-e289.jpg","D:\군산대\사진원본\LNG1\1층-LNG1-로비-e289.jpg"
"D:\군산대\사진원본\EV1\1층-EV1-엘리베이터앞_로비-e329.jpg","D:\군산대\사진원본\LNG1\1층-LNG1-로비-e329.jpg"
"D:\군산대\사진원본\EV1\1층-EV1-엘리베이터앞_로비-e330.jpg","D:\군산대\사진원본\LNG1\1층-LNG1-로비-e330.jpg"
"D:\군산대\사진원본\EV1\1층-EV1-엘리베이터앞_로비-e331.jpg","D:\군산대\사진원본\LNG1\1층-LNG1-로비-e331.jpg"
"D:\군산대\사진원본\EV1\1층-EV1-엘리베이터앞_로비-e332.jpg","D:\군산대\사진원본\LNG1\1층-LNG1-로비-e332.jpg"
"D:\군산대\사진원본\EV1\1층-EV1-엘리베이터앞_로비-e333.jpg","D:\군산대\사진원본\LNG1\1층-LNG1-로비-e333.jpg"
"D:\군산대\사진원본\EV1\1층-EV1-엘리베이터앞_로비-e334.jpg","D:\군산대\사진원본\LNG1\1층-LNG1-로비-e334.jpg"
"D:\군산대\사진원본\EV1\1층-EV1-엘리베이터앞_로비-e335.jpg","D:\군산대\사진원본\LNG1\1층-LNG1-로비-e335.jpg"
"D:\군산대\사진원본\EV1\1층-EV1-엘리베이터앞_로비-e336.jpg","D:\군산대\사진원본\LNG1\1층-LNG1-로비-e336.jpg"
"D:\군산대\사진원본\EV1\1층-EV1-엘리베이터앞_로비-e389.jpg","D:\군산대\사진원본\LNG1\1층-LNG1-로비-e389.jpg"
"D:\군산대\사진원본\EV1\1층-EV1-엘리베이터앞_로비-e443.jpg","D:\군산대\사진원본\LNG1\1층-LNG1-로비-e443.jpg"
"D:\군산대\사진원본\EV1\1층-EV1-엘리베이터앞_로비-e446.jpg","D:\군산대\사진원본\LNG1\1층-LNG1-로비-e446.jpg"
"D:\군산대\사진원본\EV1\1층-EV1-엘리베이터앞_로비-e450.jpg","D:\군산대\사진원본\LNG1\1층-LNG1-로비-e450.jpg"
"D:\군산대\사진원본\EV1\1층-EV1-엘리베이터앞_로비-e451.jpg","D:\군산대\사진원본\LNG1\1층-LNG1-로비-e451.jpg"
"D:\군산대\사진원본\EV2\2_2층-EV2-엘리베이터 안.jpg","D:\군산대\사진원본\EVIN2\2층-EVIN2-엘리베이터안-대표01.jpg"
"D:\군산대\사진원본\EV2\2층-EV2-엘리베이터 앞.jpg","D:\군산대\사진원본\LNG2\2층-LNG2-라운지-대표02.jpg"
"D:\군산대\사진원본\EV2\2층-EV2-엘리베이터앞-d031.jpg","D:\군산대\사진원본\LNG2\2층-LNG2-라운지-d031.jpg"
"D:\군산대\사진원본\EV2\2층-EV2-엘리베이터앞-d032.jpg","D:\군산대\사진원본\LNG2\2층-LNG2-라운지-d032.jpg"
"D:\군산대\사진원본\EV2\2층-EV2-엘리베이터앞-d035.jpg","D:\군산대\사진원본\LNG2\2층-LNG2-라운지-d035.jpg"
"D:\군산대\사진원본\EV2\2층-EV2-엘리베이터앞-d046.jpg","D:\군산대\사진원본\LNG2\2층-LNG2-라운지-d046.jpg"
"D:\군산대\사진원본\EV2\2층-EV2-엘리베이터앞-d047.jpg","D:\군산대\사진원본\LNG2\2층-LNG2-라운지-d047.jpg"
"D:\군산대\사진원본\EV2\2층-EV2-엘리베이터앞-d054.jpg","D:\군산대\사진원본\LNG2\2층-LNG2-라운지-d054.jpg"
"D:\군산대\사진원본\EV2\2층-EV2-엘리베이터앞-d148.jpg","D:\군산대\사진원본\LNG2\2층-LNG2-라운지-d148.jpg"
"D:\군산대\사진원본\EV2\2층-EV2-엘리베이터앞-d149.jpg","D:\군산대\사진원본\LNG2\2층-LNG2-라운지-d149.jpg"
"D:\군산대\사진원본\EV2\2층-EV2-엘리베이터앞-d150.jpg","D:\군산대\사진원본\LNG2\2층-LNG2-라운지-d150.jpg"
"D:\군산대\사진원본\EV2\2층-EV2-엘리베이터앞-d151.jpg","D:\군산대\사진원본\LNG2\2층-LNG2-라운지-d151.jpg"
"D:\군산대\사진원본\EV2\2층-EV2-엘리베이터앞-d152.jpg","D:\군산대\사진원본\LNG2\2층-LNG2-라운지-d152.jpg"
"D:\군산대\사진원본\EV2\2층-EV2-엘리베이터앞-d232.jpg","D:\군산대\사진원본\LNG2\2층-LNG2-라운지-d232.jpg"
"D:\군산대\사진원본\EV2\2층-EV2-엘리베이터앞-d234.jpg","D:\군산대\사진원본\LNG2\2층-LNG2-라운지-d234.jpg"
"D:\군산대\사진원본\EV2\2층-EV2-엘리베이터앞-d235.jpg","D:\군산대\사진원본\LNG2\2층-LNG2-라운지-d235.jpg"
"D:\군산대\사진원본\EV2\2층-EV2-엘리베이터앞-d236.jpg","D:\군산대\사진원본\LNG2\2층-LNG2-라운지-d236.jpg"
"D:\군산대\사진원본\EV2\2층-EV2-엘리베이터앞-d237.jpg","D:\군산대\사진원본\LNG2\2층-LNG2-라운지-d237.jpg"
"D:\군산대\사진원본\EV2\2층-EV2-엘리베이터앞-d334.jpg","D:\군산대\사진원본\LNG2\2층-LNG2-라운지-d334.jpg"
"D:\군산대\사진원본\EV2\2층-EV2-엘리베이터앞-d335.jpg","D:\군산대\사진원본\LNG2\2층-LNG2-라운지-d335.jpg"
"D:\군산대\사진원본\EV2\2층-EV2-엘리베이터앞-d375.jpg","D:\군산대\사진원본\LNG2\2층-LNG2-라운지-d375.jpg"
"D:\군산대\사진원본\EV2\2층-EV2-엘리베이터앞-d382.jpg","D:\군산대\사진원본\LNG2\2층-LNG2-라운지-d382.jpg"
"D:\군산대\사진원본\EV2\2층-EV2-엘리베이터앞-d383.jpg","D:\군산대\사진원본\LNG2\2층-LNG2-라운지-d383.jpg"
"D:\군산대\사진원본\EV2\2층-EV2-엘리베이터앞-d384.jpg","D:\군산대\사진원본\LNG2\2층-LNG2-라운지-d384.jpg"
"D:\군산대\사진원본\EV2\2층-EV2-엘리베이터앞-d385.jpg","D:\군산대\사진원본\LNG2\2층-LNG2-라운지-d385.jpg"
"D:\군산대\사진원본\EV2\2층-EV2-엘리베이터앞-d388.jpg","D:\군산대\사진원본\LNG2\2층-LNG2-라운지-d388.jpg"
"D:\군산대\사진원본\EV2\2층-EV2-엘리베이터앞-d389.jpg","D:\군산대\사진원본\LNG2\2층-LNG2-라운지-d389.jpg"
"D:\군산대\사진원본\EV2\2층-EV2-엘리베이터앞-d390.jpg","D:\군산대\사진원본\LNG2\2층-LNG2-라운지-d390.jpg"
"D:\군산대\사진원본\EV2\2층-EV2-엘리베이터앞-d391.jpg","D:\군산대\사진원본\LNG2\2층-LNG2-라운지-d391.jpg"
"D:\군산대\사진원본\EV2\2층-EV2-엘리베이터앞-d392.jpg","D:\군산대\사진원본\LNG2\2층-LNG2-라운지-d392.jpg"
"D:\군산대\사진원본\EV2\2층-EV2-엘리베이터앞-d393.jpg","D:\군산대\사진원본\LNG2\2층-LNG2-라운지-d393.jpg"
"D:\군산대\사진원본\EV2\2층-EV2-엘리베이터앞-d394.jpg","D:\군산대\사진원본\LNG2\2층-LNG2-라운지-d394.jpg"
"D:\군산대\사진원본\EV3\3_3층-EV3-엘리베이터 안.jpg","D:\군산대\사진원본\EVIN3\3층-EVIN3-엘리베이터안-대표01.jpg"
"D:\군산대\사진원본\EV3\3층-EV3-엘리베이터 앞.jpg","D:\군산대\사진원본\LNG3\3층-LNG3-라운지-대표02.jpg"
"D:\군산대\사진원본\EV3\3층-EV3-엘리베이터앞-c017.jpg","D:\군산대\사진원본\LNG3\3층-LNG3-라운지-c017.jpg"
"D:\군산대\사진원본\EV3\3층-EV3-엘리베이터앞-c020.jpg","D:\군산대\사진원본\LNG3\3층-LNG3-라운지-c020.jpg"
"D:\군산대\사진원본\EV3\3층-EV3-엘리베이터앞-c021.jpg","D:\군산대\사진원본\LNG3\3층-LNG3-라운지-c021.jpg"
"D:\군산대\사진원본\EV3\3층-EV3-엘리베이터앞-c022.jpg","D:\군산대\사진원본\LNG3\3층-LNG3-라운지-c022.jpg"
"D:\군산대\사진원본\EV3\3층-EV3-엘리베이터앞-c023.jpg","D:\군산대\사진원본\LNG3\3층-LNG3-라운지-c023.jpg"
"D:\군산대\사진원본\EV3\3층-EV3-엘리베이터앞-c024.jpg","D:\군산대\사진원본\LNG3\3층-LNG3-라운지-c024.jpg"
"D:\군산대\사진원본\EV3\3층-EV3-엘리베이터앞-c025.jpg","D:\군산대\사진원본\LNG3\3층-LNG3-라운지-c025.jpg"
"D:\군산대\사진원본\EV3\3층-EV3-엘리베이터앞-c026.jpg","D:\군산대\사진원본\LNG3\3층-LNG3-라운지-c026.jpg"
"D:\군산대\사진원본\EV3\3층-EV3-엘리베이터앞-c027.jpg","D:\군산대\사진원본\LNG3\3층-LNG3-라운지-c027.jpg"
"D:\군산대\사진원본\EV3\3층-EV3-엘리베이터앞-c028.jpg","D:\군산대\사진원본\LNG3\3층-LNG3-라운지-c028.jpg"
"D:\군산대\사진원본\EV3\3층-EV3-엘리베이터앞-c031.jpg","D:\군산대\사진원본\LNG3\3층-LNG3-라운지-c031.jpg"
"D:\군산대\사진원본\EV3\3층-EV3-엘리베이터앞-c032.jpg","D:\군산대\사진원본\LNG3\3층-LNG3-라운지-c032.jpg"
"D:\군산대\사진원본\EV3\3층-EV3-엘리베이터앞-c033.jpg","D:\군산대\사진원본\LNG3\3층-LNG3-라운지-c033.jpg"
"D:\군산대\사진원본\EV3\3층-EV3-엘리베이터앞-c034.jpg","D:\군산대\사진원본\LNG3\3층-LNG3-라운지-c034.jpg"
"D:\군산대\사진원본\EV3\3층-EV3-엘리베이터앞-c035.jpg","D:\군산대\사진원본\LNG3\3층-LNG3-라운지-c035.jpg"
"D:\군산대\사진원본\EV3\3층-EV3-엘리베이터앞-c038.jpg","D:\군산대\사진원본\LNG3\3층-LNG3-라운지-c038.jpg"
"D:\군산대\사진원본\EV3\3층-EV3-엘리베이터앞-c039.jpg","D:\군산대\사진원본\LNG3\3층-LNG3-라운지-c039.jpg"
"D:\군산대\사진원본\EV3\3층-EV3-엘리베이터앞-c111.jpg","D:\군산대\사진원본\LNG3\3층-LNG3-라운지-c111.jpg"
"D:\군산대\사진원본\EV3\3층-EV3-엘리베이터앞-c239.jpg","D:\군산대\사진원본\LNG3\3층-LNG3-라운지-c239.jpg"
"D:\군산대\사진원본\EV3\3층-EV3-엘리베이터앞-c240.jpg","D:\군산대\사진원본\LNG3\3층-LNG3-라운지-c240.jpg"
"D:\군산대\사진원본\EV3\3층-EV3-엘리베이터앞-c303.jpg","D:\군산대\사진원본\LNG3\3층-LNG3-라운지-c303.jpg"
"D:\군산대\사진원본\EV3\3층-EV3-엘리베이터앞-c365.jpg","D:\군산대\사진원본\LNG3\3층-LNG3-라운지-c365.jpg"
"D:\군산대\사진원본\EV3\3층-EV3-엘리베이터앞-c372.jpg","D:\군산대\사진원본\LNG3\3층-LNG3-라운지-c372.jpg"
"D:\군산대\사진원본\EV3\3층-EV3-엘리베이터앞-c373.jpg","D:\군산대\사진원본\LNG3\3층-LNG3-라운지-c373.jpg"
"D:\군산대\사진원본\EV3\3층-EV3-엘리베이터앞-c376.jpg","D:\군산대\사진원본\LNG3\3층-LNG3-라운지-c376.jpg"
"D:\군산대\사진원본\EV3\3층-EV3-엘리베이터앞-c377.jpg","D:\군산대\사진원본\LNG3\3층-LNG3-라운지-c377.jpg"
"D:\군산대\사진원본\EV3\3층-EV3-엘리베이터앞-c378.jpg","D:\군산대\사진원본\LNG3\3층-LNG3-라운지-c378.jpg"
"D:\군산대\사진원본\EV3\3층-EV3-엘리베이터앞-c381.jpg","D:\군산대\사진원본\LNG3\3층-LNG3-라운지-c381.jpg"
"D:\군산대\사진원본\EV3\3층-EV3-엘리베이터앞-c382.jpg","D:\군산대\사진원본\LNG3\3층-LNG3-라운지-c382.jpg"
"D:\군산대\사진원본\EV3\3층-EV3-엘리베이터앞-c383.jpg","D:\군산대\사진원본\LNG3\3층-LNG3-라운지-c383.jpg"
"D:\군산대\사진원본\EV3\3층-EV3-엘리베이터앞-c384.jpg","D:\군산대\사진원본\LNG3\3층-LNG3-라운지-c384.jpg"
"D:\군산대\사진원본\EV3\3층-EV3-엘리베이터앞-c385.jpg","D:\군산대\사진원본\LNG3\3층-LNG3-라운지-c385.jpg"
"D:\군산대\사진원본\EV3\3층-EV3-엘리베이터앞-c386.jpg","D:\군산대\사진원본\LNG3\3층-LNG3-라운지-c386.jpg"
"D:\군산대\사진원본\EV3\3층-EV3-엘리베이터앞-c387.jpg","D:\군산대\사진원본\LNG3\3층-LNG3-라운지-c387.jpg"
"D:\군산대\사진원본\EV3\3층-EV3-엘리베이터앞-c389.jpg","D:\군산대\사진원본\LNG3\3층-LNG3-라운지-c389.jpg"
"D:\군산대\사진원본\EV4\4_4층-EV4-엘리베이터 안.jpg","D:\군산대\사진원본\EVIN4\4층-EVIN4-엘리베이터안-대표01.jpg"
"D:\군산대\사진원본\EV4\4층-EV4-엘리베이터 앞.jpg","D:\군산대\사진원본\LNG4\4층-LNG4-라운지-대표02.jpg"
"D:\군산대\사진원본\EV4\4층-EV4-엘리베이터앞-003.jpg","D:\군산대\사진원본\LNG4\4층-LNG4-라운지-003.jpg"
"D:\군산대\사진원본\EV4\4층-EV4-엘리베이터앞-004.jpg","D:\군산대\사진원본\LNG4\4층-LNG4-라운지-004.jpg"
"D:\군산대\사진원본\EV4\4층-EV4-엘리베이터앞-005.jpg","D:\군산대\사진원본\LNG4\4층-LNG4-라운지-005.jpg"
"D:\군산대\사진원본\EV4\4층-EV4-엘리베이터앞-006.jpg","D:\군산대\사진원본\LNG4\4층-LNG4-라운지-006.jpg"
"D:\군산대\사진원본\EV4\4층-EV4-엘리베이터앞-007.jpg","D:\군산대\사진원본\LNG4\4층-LNG4-라운지-007.jpg"
"D:\군산대\사진원본\EV4\4층-EV4-엘리베이터앞-008.jpg","D:\군산대\사진원본\LNG4\4층-LNG4-라운지-008.jpg"
"D:\군산대\사진원본\EV4\4층-EV4-엘리베이터앞-009.jpg","D:\군산대\사진원본\LNG4\4층-LNG4-라운지-009.jpg"
"D:\군산대\사진원본\EV4\4층-EV4-엘리베이터앞-010.jpg","D:\군산대\사진원본\LNG4\4층-LNG4-라운지-010.jpg"
"D:\군산대\사진원본\EV4\4층-EV4-엘리베이터앞-011.jpg","D:\군산대\사진원본\LNG4\4층-LNG4-라운지-011.jpg"
"D:\군산대\사진원본\EV4\4층-EV4-엘리베이터앞-012.jpg","D:\군산대\사진원본\LNG4\4층-LNG4-라운지-012.jpg"
"D:\군산대\사진원본\EV4\4층-EV4-엘리베이터앞-013.jpg","D:\군산대\사진원본\LNG4\4층-LNG4-라운지-013.jpg"
"D:\군산대\사진원본\EV4\4층-EV4-엘리베이터앞-017.jpg","D:\군산대\사진원본\LNG4\4층-LNG4-라운지-017.jpg"
"D:\군산대\사진원본\EV4\4층-EV4-엘리베이터앞-019.jpg","D:\군산대\사진원본\LNG4\4층-LNG4-라운지-019.jpg"
"D:\군산대\사진원본\EV4\4층-EV4-엘리베이터앞-020.jpg","D:\군산대\사진원본\LNG4\4층-LNG4-라운지-020.jpg"
"D:\군산대\사진원본\EV4\4층-EV4-엘리베이터앞-021.jpg","D:\군산대\사진원본\LNG4\4층-LNG4-라운지-021.jpg"
"D:\군산대\사진원본\EV4\4층-EV4-엘리베이터앞-b030.jpg","D:\군산대\사진원본\LNG4\4층-LNG4-라운지-b030.jpg"
"D:\군산대\사진원본\EV4\4층-EV4-엘리베이터앞-b031.jpg","D:\군산대\사진원본\LNG4\4층-LNG4-라운지-b031.jpg"
"D:\군산대\사진원본\EV4\4층-EV4-엘리베이터앞-b032.jpg","D:\군산대\사진원본\LNG4\4층-LNG4-라운지-b032.jpg"
"D:\군산대\사진원본\EV4\4층-EV4-엘리베이터앞-b121.jpg","D:\군산대\사진원본\LNG4\4층-LNG4-라운지-b121.jpg"
"D:\군산대\사진원본\EV4\4층-EV4-엘리베이터앞-b129.jpg","D:\군산대\사진원본\LNG4\4층-LNG4-라운지-b129.jpg"
"D:\군산대\사진원본\EV4\4층-EV4-엘리베이터앞-b136.jpg","D:\군산대\사진원본\LNG4\4층-LNG4-라운지-b136.jpg"
"D:\군산대\사진원본\EV4\4층-EV4-엘리베이터앞-b137.jpg","D:\군산대\사진원본\LNG4\4층-LNG4-라운지-b137.jpg"
"D:\군산대\사진원본\EV4\4층-EV4-엘리베이터앞-b161.jpg","D:\군산대\사진원본\LNG4\4층-LNG4-라운지-b161.jpg"
"D:\군산대\사진원본\EV4\4층-EV4-엘리베이터앞-b162.jpg","D:\군산대\사진원본\LNG4\4층-LNG4-라운지-b162.jpg"
"D:\군산대\사진원본\EV4\4층-EV4-엘리베이터앞-b170.jpg","D:\군산대\사진원본\LNG4\4층-LNG4-라운지-b170.jpg"
"D:\군산대\사진원본\EV4\4층-EV4-엘리베이터앞-b172.jpg","D:\군산대\사진원본\LNG4\4층-LNG4-라운지-b172.jpg"
"D:\군산대\사진원본\EV4\4층-EV4-엘리베이터앞-b173.jpg","D:\군산대\사진원본\LNG4\4층-LNG4-라운지-b173.jpg"
"D:\군산대\사진원본\EV4\4층-EV4-엘리베이터앞-b174.jpg","D:\군산대\사진원본\LNG4\4층-LNG4-라운지-b174.jpg"
"D:\군산대\사진원본\EV4\4층-EV4-엘리베이터앞-b176.jpg","D:\군산대\사진원본\LNG4\4층-LNG4-라운지-b176.jpg"
"D:\군산대\사진원본\EV4\4층-EV4-엘리베이터앞-b178.jpg","D:\군산대\사진원본\LNG4\4층-LNG4-라운지-b178.jpg"
"D:\군산대\사진원본\EV4\4층-EV4-엘리베이터앞-b179.jpg","D:\군산대\사진원본\LNG4\4층-LNG4-라운지-b179.jpg"
"D:\군산대\사진원본\EV4\4층-EV4-엘리베이터앞-b180.jpg","D:\군산대\사진원본\LNG4\4층-LNG4-라운지-b180.jpg"
"D:\군산대\사진원본\EV4\4층-EV4-엘리베이터앞-b181.jpg","D:\군산대\사진원본\LNG4\4층-LNG4-라운지-b181.jpg"
"D:\군산대\사진원본\EV4\4층-EV4-엘리베이터앞-b186.jpg","D:\군산대\사진원본\LNG4\4층-LNG4-라운지-b186.jpg"
"D:\군산대\사진원본\EV4\4층-EV4-엘리베이터앞-b187.jpg","D:\군산대\사진원본\LNG4\4층-LNG4-라운지-b187.jpg"
"D:\군산대\사진원본\EV5\5_5층-EV5-엘리베이터 안.jpg","D:\군산대\사진원본\EVIN5\5층-EVIN5-엘리베이터안-대표01.jpg"
"D:\군산대\사진원본\EV5\5층-EV5-엘리베이터 앞.jpg","D:\군산대\사진원본\LNG5\5층-LNG5-라운지-대표02.jpg"
"D:\군산대\사진원본\EV5\5층-EV5-엘리베이터앞-02.jpg","D:\군산대\사진원본\LNG5\5층-LNG5-라운지-02.jpg"
"D:\군산대\사진원본\EV5\5층-EV5-엘리베이터앞-03.jpg","D:\군산대\사진원본\LNG5\5층-LNG5-라운지-03.jpg"
"D:\군산대\사진원본\EV5\5층-EV5-엘리베이터앞-04.jpg","D:\군산대\사진원본\LNG5\5층-LNG5-라운지-04.jpg"
"D:\군산대\사진원본\EV5\5층-EV5-엘리베이터앞-05.jpg","D:\군산대\사진원본\LNG5\5층-LNG5-라운지-05.jpg"
"D:\군산대\사진원본\EV5\5층-EV5-엘리베이터앞-06.jpg","D:\군산대\사진원본\LNG5\5층-LNG5-라운지-06.jpg"
"D:\군산대\사진원본\EV5\5층-EV5-엘리베이터앞-07.jpg","D:\군산대\사진원본\LNG5\5층-LNG5-라운지-07.jpg"
"D:\군산대\사진원본\EV5\5층-EV5-엘리베이터앞-08.jpg","D:\군산대\사진원본\LNG5\5층-LNG5-라운지-08.jpg"
"D:\군산대\사진원본\EV5\5층-EV5-엘리베이터앞-09.jpg","D:\군산대\사진원본\LNG5\5층-LNG5-라운지-09.jpg"
"D:\군산대\사진원본\EV5\5층-EV5-엘리베이터앞-10.jpg","D:\군산대\사진원본\LNG5\5층-LNG5-라운지-10.jpg"
"D:\군산대\사진원본\EV5\5층-EV5-엘리베이터앞-11.jpg","D:\군산대\사진원본\LNG5\5층-LNG5-라운지-11.jpg"
"D:\군산대\사진원본\EV5\5층-EV5-엘리베이터앞-12.jpg","D:\군산대\사진원본\LNG5\5층-LNG5-라운지-12.jpg"
"D:\군산대\사진원본\EV5\5층-EV5-엘리베이터앞-13.jpg","D:\군산대\사진원본\LNG5\5층-LNG5-라운지-13.jpg"
"D:\군산대\사진원본\EV5\5층-EV5-엘리베이터앞-14.jpg","D:\군산대\사진원본\LNG5\5층-LNG5-라운지-14.jpg"
"D:\군산대\사진원본\EV5\5층-EV5-엘리베이터앞-15.jpg","D:\군산대\사진원본\LNG5\5층-LNG5-라운지-15.jpg"
"D:\군산대\사진원본\EV5\5층-EV5-엘리베이터앞-16.jpg","D:\군산대\사진원본\LNG5\5층-LNG5-라운지-16.jpg"
"D:\군산대\사진원본\EV5\5층-EV5-엘리베이터앞-17.jpg","D:\군산대\사진원본\LNG5\5층-LNG5-라운지-17.jpg"
"D:\군산대\사진원본\EV5\5층-EV5-엘리베이터앞-18.jpg","D:\군산대\사진원본\LNG5\5층-LNG5-라운지-18.jpg"
"D:\군산대\사진원본\EV5\5층-EV5-엘리베이터앞-19.jpg","D:\군산대\사진원본\LNG5\5층-LNG5-라운지-19.jpg"
"D:\군산대\사진원본\EV5\5층-EV5-엘리베이터앞-20.jpg","D:\군산대\사진원본\LNG5\5층-LNG5-라운지-20.jpg"
"D:\군산대\사진원본\EV5\5층-EV5-엘리베이터앞-21.jpg","D:\군산대\사진원본\LNG5\5층-LNG5-라운지-21.jpg"
"D:\군산대\사진원본\EV5\5층-EV5-엘리베이터앞-22.jpg","D:\군산대\사진원본\LNG5\5층-LNG5-라운지-22.jpg"
"D:\군산대\사진원본\EV5\5층-EV5-엘리베이터앞-23.jpg","D:\군산대\사진원본\LNG5\5층-LNG5-라운지-23.jpg"
"D:\군산대\사진원본\EV5\5층-EV5-엘리베이터앞-24.jpg","D:\군산대\사진원본\LNG5\5층-LNG5-라운지-24.jpg"
"D:\군산대\사진원본\EV5\5층-EV5-엘리베이터앞-25.jpg","D:\군산대\사진원본\LNG5\5층-LNG5-라운지-25.jpg"
"D:\군산대\사진원본\EV5\5층-EV5-엘리베이터앞-26.jpg","D:\군산대\사진원본\LNG5\5층-LNG5-라운지-26.jpg"
"D:\군산대\사진원본\EV5\5층-EV5-엘리베이터앞-28.jpg","D:\군산대\사진원본\LNG5\5층-LNG5-라운지-28.jpg"
"D:\군산대\사진원본\EV5\5층-EV5-엘리베이터앞-v04.jpg","D:\군산대\사진원본\LNG5\5층-LNG5-라운지-v04.jpg"
